Model,Calibration_Tokens_Target,Calibration_Tokens_Actual,Evaluation_Tokens_Actual,N,TopK,m,P,P_over_m,exact_log_C_m_P,R_hat_M,R_hat_hG,eps_loss_hat,eta_hat,Mismatch_Empirical_DeltaEta,Fixed_Proxy_Concentration,Mismatch_Concentration,Occam_Proxy_Concentration,Reconstruction_Concentration,U_SAE,U_SAE_Occam,Occam_Increment,Uniform_Baseline,U_SAE_minus_Uniform,U_SAE_Occam_minus_Uniform,U_SAE_Nonvacuous,U_SAE_Occam_Nonvacuous,Total_Bound,Bound_minus_Uniform,Nonvacuous,Direct_U_M,Direct_U_hG,Hoeffding_Margin,B,Delta,delta,Delta_P_from_prev,Delta_P_over_m_from_prev,Delta_eta_from_prev,Delta_R_hat_hG_from_prev,Delta_U_SAE_from_prev,Delta_U_SAE_Occam_from_prev,Delta_Total_Bound_from_prev,Delta_log_C_from_prev
GPT-2 Small,280000,280064,320000,10000,64,24576,24429,0.9940185546875,895.6544407762995,7.1648260063171385,7.3587286804199215,0.21594088044166565,0.0055,0.0858938610219378,0.22344808240066508,0.22344808240066508,3.312417514909971,0.24162310269474005,8.349082689379596,11.438052121888902,3.0889694325093053,15.617036934287741,-7.267954244908145,-4.17898481239884,True,True,11.438052121888902,-4.17898481239884,True,7.355959120945672,7.549861795048455,0.19113311462853344,16.617036934287743,15.617065640352328,0.05,,,,,,,,
GPT-2 Small,560000,560128,320000,10000,64,24576,24461,0.9953206380208334,728.3689853151445,7.1648260063171385,7.3587285377502445,0.21594088044166565,0.0025,0.03904266410088082,0.22344808240066508,0.22344808240066508,2.9886659891863525,0.24162310269474005,8.302231349788862,11.06744925657455,2.765217906785688,15.617036934287741,-7.314805584498879,-4.549587677713191,True,True,11.06744925657455,-4.549587677713191,True,7.355959120945672,7.549861652378778,0.19113311462853344,16.617036934287743,15.617065640352328,0.05,32.0,0.0013020833333333703,-0.0029999999999999996,-1.426696769613045e-07,-0.0468513395907344,-0.3706028653143516,-0.3706028653143516,-167.28545546115492
GPT-2 Small,1120000,1120256,320000,10000,64,24576,24494,0.9966634114583334,546.3715279992612,7.1648260063171385,7.358728684997558,0.21594088044166565,0.0015,0.023425598460528493,0.22344808240066508,0.22344808240066508,2.5908939528996124,0.24162310269474005,8.286614431395824,10.654060301894772,2.3674458704989476,15.617036934287741,-7.330422502891917,-4.962976632392969,True,True,10.654060301894772,-4.962976632392969,True,7.355959120945672,7.5498617996260915,0.19113311462853344,16.617036934287743,15.617065640352328,0.05,33.0,0.0013427734375,-0.001,1.4724731389748058e-07,-0.015616918393037693,-0.4133889546797782,-0.4133889546797782,-181.99745731588337
GPT-2 Small,2240000,2240000,320000,10000,64,24576,24510,0.997314453125,453.60909256114974,7.1648260063171385,7.358728450775146,0.21594088044166565,0.0013,0.020302185332458027,0.22344808240066508,0.22344808240066508,2.3625256086249435,0.24162310269474005,8.283490784045341,10.42256831026962,2.1390775262242787,15.617036934287741,-7.3335461502424,-5.194468624018121,True,True,10.42256831026962,-5.194468624018121,True,7.355959120945672,7.549861565403679,0.19113311462853344,16.617036934287743,15.617065640352328,0.05,16.0,0.0006510416666666297,-0.0002000000000000001,-2.3422241213211237e-07,-0.003123647350482983,-0.23149199162515188,-0.23149199162515188,-92.76243543811142
Gemma-2B,280000,280064,320000,10000,64,16384,16009,0.97711181640625,1783.229735246743,5.925202793884277,6.4191868835449215,0.500616626548767,0.0034,0.06108368572860718,0.25705349512679226,0.25705349512679226,5.370725703462146,0.2779619425853615,7.7729561286612405,12.886628336996596,5.113672208335355,17.96578428466209,-10.192828156000848,-5.079155947665493,True,True,12.886628336996596,-5.079155947665493,True,6.145081320573249,6.6390654102338935,0.21987852668897243,18.96578428466209,17.965789920178583,0.05,,,,,,,,
Gemma-2B,560000,560128,320000,10000,64,16384,16030,0.9783935546875,1703.8112329771684,5.925202793884277,6.41917924118042,0.500616626548767,0.001,0.017965789920178582,0.25705349512679226,0.25705349512679226,5.2500476799467535,0.2779619425853615,7.7298305904883104,12.722824775308274,4.992994184819963,17.96578428466209,-10.235953694173778,-5.242959509353815,True,True,12.722824775308274,-5.242959509353815,True,6.145081320573249,6.639057767869392,0.21987852668897243,18.96578428466209,17.965789920178583,0.05,21.0,0.00128173828125,-0.0024,-7.642364501236898e-06,-0.04312553817293008,-0.16380356168832222,-0.16380356168832222,-79.41850226957467
Gemma-2B,1120000,1120256,320000,10000,64,16384,16055,0.97991943359375,1607.6002470346866,5.925202793884277,6.419179273223877,0.500616626548767,0.0003,0.005389736976053575,0.25705349512679226,0.25705349512679226,5.1000295620156795,0.2779619425853615,7.717254569587643,12.56023063647653,4.8429760668888875,17.96578428466209,-10.248529715074445,-5.405553648185558,True,True,12.56023063647653,-5.405553648185558,True,6.145081320573249,6.639057799912849,0.21987852668897243,18.96578428466209,17.965789920178583,0.05,25.0,0.00152587890625,-0.0007000000000000001,3.20434567768757e-08,-0.012576020900667118,-0.1625941388317429,-0.1625941388317429,-96.21098594248178
Gemma-2B,2240000,2240000,320000,10000,64,16384,16078,0.9813232421875,1517.3784016502905,5.925202793884277,6.419179359436035,0.500616626548767,0.0003,0.005389736976053575,0.25705349512679226,0.25705349512679226,4.9552253281258585,0.2779619425853615,7.717254655799801,12.415426488798868,4.698171832999067,17.96578428466209,-10.248529628862288,-5.550357795863221,True,True,12.415426488798868,-5.550357795863221,True,6.145081320573249,6.639057886125007,0.21987852668897243,18.96578428466209,17.965789920178583,0.05,23.0,0.00140380859375,0.0,8.62121583011799e-08,8.621215741300148e-08,-0.1448041476776627,-0.1448041476776627,-90.22184538439615
Llama-3.1-8B,280000,280064,320000,10000,64,131072,128122,0.9774932861328125,14103.77611555485,5.2915,6.20655,0.91519375,0.2466,4.1844760050855,0.24278687537159274,0.24278687537159274,14.251603901471203,0.2625348917322855,12.05432839756097,26.063145423660583,14.008817026099612,16.968666793195208,-4.914338395634237,9.094478630465375,True,False,26.063145423660583,9.094478630465375,False,5.499175139487185,6.4142251394871845,0.20767513948718486,17.968666793195208,16.968678041709246,0.05,,,,,,,,
Llama-3.1-8B,560000,560128,320000,10000,64,131072,129751,0.9899215698242188,7382.92331867991,5.2915,6.2066,0.91519375,0.0666,1.1301139575778358,0.24278687537159274,0.24278687537159274,10.312585933244842,0.2625348917322855,9.000016350053306,19.069815407926555,10.069799057873249,16.968666793195208,-7.968650443141902,2.101148614731347,True,False,19.069815407926555,2.101148614731347,False,5.499175139487185,6.414275139487184,0.20767513948718486,17.968666793195208,16.968678041709246,0.05,1629.0,0.01242828369140625,-0.18,4.999999999988347e-05,-3.054312047507665,-6.993330015734028,-6.993330015734028,-6720.85279687494
Llama-3.1-8B,1120000,1120256,320000,10000,64,131072,130385,0.9947586059570312,4288.566090917448,5.2915,6.2066,0.91519375,0.0179,0.3037393369465955,0.24278687537159274,0.24278687537159274,7.861334566010025,0.2625348917322855,8.173641729422066,15.792189420060497,7.618547690638431,16.968666793195208,-8.795025063773142,-1.176477373134711,True,True,15.792189420060497,-1.176477373134711,True,5.499175139487185,6.414275139487184,0.20767513948718486,17.968666793195208,16.968678041709246,0.05,634.0,0.0048370361328125,-0.04870000000000001,0.0,-0.8263746206312401,-3.277625987866058,-3.277625987866058,-3094.3572277624626
Llama-3.1-8B,2240000,2240000,320000,10000,64,131072,130700,0.997161865234375,2549.2286744932644,5.2915,6.20655,0.91519375,0.0029,0.04920916632095681,0.24278687537159274,0.24278687537159274,6.06297659925169,0.2625348917322855,7.919061558796428,13.739251282676525,5.820189723880097,16.968666793195208,-9.04960523439878,-3.229415510518683,True,True,13.739251282676525,-3.229415510518683,True,5.499175139487185,6.4142251394871845,0.20767513948718486,17.968666793195208,16.968678041709246,0.05,315.0,0.00240325927734375,-0.015,-4.999999999988347e-05,-0.25458017062563787,-2.052938137383972,-2.052938137383972,-1739.3374164241832
