Model,Layer,Requested_N,N,m,P,R_hat_M,R_hat_hG,eps_loss_hat,eta_hat,B,Delta,Random Baseline,Exact_log_C_m_P,P_over_m,Mismatch_Delta_eta,Fixed_Proxy_Concentration,Eta_Concentration,Reconstruction_Concentration,Exact_P_Proxy_Concentration,Direct_U_M,Direct_U_hG,Hoeffding_Margin,U_SAE,U_SAE_Occam,Occam_Increment,First_Observed_Nonvacuous_U_SAE,Crossing_Interpretation,First_Observed_Nonvacuous_U_SAE_Occam
GPT-2 Small,0,10000,10000,24576,19576,7.164825916290283,7.1980791091918945,0.059980157762765884,0.0013000000035390258,16.617036934287743,15.617065640352328,15.617036934287741,12409.473422437615,0.7965494791666666,0.020302185387727226,0.22344808240066508,0.22344808240066508,0.24162310269474005,12.303615416058667,7.355959030918816,7.389212223820428,0.19113311462853344,7.966880719838459,20.04704805349646,12.080167333658002,10000,descriptive over predetermined nested prefixes,30000
GPT-2 Small,0,30000,30000,24576,19576,7.169427394866943,7.202144145965576,0.058983102440834045,0.0010666666785255075,16.617036934287743,15.617065640352328,15.617036934287741,12409.473422437615,0.7965494791666666,0.016658203534909443,0.12900781052392965,0.12900781052392965,0.13950116338324078,7.103495672467102,7.279778150048779,7.312494901147412,0.11035075518183537,7.675302236372419,14.649790098315592,6.974487861943173,10000,descriptive over predetermined nested prefixes,30000
GPT-2 Small,0,50000,50000,24576,19576,7.171213150024414,7.204473972320557,0.05975509434938431,0.00107999995816499,16.617036934287743,15.617065640352328,15.617036934287741,12409.473422437615,0.7965494791666666,0.016866430238240415,0.0999290203379723,0.0999290203379723,0.10805713651197028,5.502344087864308,7.256690477436546,7.289951299732689,0.08547732741213204,7.589010674096096,12.991425741622432,5.402415067526336,10000,descriptive over predetermined nested prefixes,30000
GPT-2 Small,0,70000,70000,24576,19576,7.172154903411865,7.2053117752075195,0.05969944968819618,0.0010285713942721486,16.617036934287743,15.617065640352328,15.617036934287741,12409.473422437615,0.7965494791666666,0.01606326698013686,0.08445543670948975,0.08445543670948975,0.09132494867687183,4.650329516838818,7.244396430357051,7.277553302152706,0.07224152694518586,7.541310313971704,12.107184394101033,4.565874080129329,10000,descriptive over predetermined nested prefixes,30000
GPT-2 Small,0,140000,140000,24576,19576,7.174019813537598,7.207432746887207,0.059799108654260635,0.0009642856894060969,16.617036934287743,15.617065640352328,15.617036934287741,12409.473422437615,0.7965494791666666,0.015059312907507413,0.05971901200535148,0.05971901200535148,0.06457649050092948,3.2882795361086896,7.225102287123809,7.258515220473418,0.05108247358621162,7.466305682960608,10.694866207063946,3.2285605241033375,10000,descriptive over predetermined nested prefixes,30000
GPT-2 Small,2,10000,10000,24576,19519,7.164825916290283,7.256828308105469,0.12719406187534332,0.0012000000569969416,16.617036934287743,15.617065640352328,15.617036934287741,12486.859861131408,0.7942301432291666,0.018740479658547773,0.22344808240066508,0.22344808240066508,0.24162310269474005,12.341906328919894,7.355959030918816,7.447961422734002,0.19113311462853344,8.09128211713543,20.209740363654657,12.118458246519227,10000,descriptive over predetermined nested prefixes,30000
GPT-2 Small,2,30000,30000,24576,19519,7.169427394866943,7.261547565460205,0.12627166509628296,0.0012333333725109696,16.617036934287743,15.617065640352328,15.617036934287741,12486.859861131408,0.7942301432291666,0.019261048234940924,0.12900781052392965,0.12900781052392965,0.13950116338324078,7.125602941315047,7.279778150048779,7.371898320642041,0.11035075518183537,7.804597063222528,14.801192194013645,6.996595130791117,10000,descriptive over predetermined nested prefixes,30000
GPT-2 Small,2,50000,50000,24576,19519,7.171213150024414,7.2631516456604,0.12628920376300812,0.00139999995008111,16.617036934287743,15.617065640352328,15.617036934287741,12486.859861131408,0.7942301432291666,0.02186389111690668,0.0999290203379723,0.0999290203379723,0.10805713651197028,5.519468304679953,7.256690477436546,7.3486289730725325,0.08547732741213204,7.719219917728231,13.138759202070212,5.4195392843419805,10000,descriptive over predetermined nested prefixes,30000
GPT-2 Small,2,70000,70000,24576,19519,7.172154903411865,7.263216972351074,0.12588711082935333,0.0012428571935743093,16.617036934287743,15.617065640352328,15.617036934287741,12486.859861131408,0.7942301432291666,0.01940978237363407,0.08445543670948975,0.08445543670948975,0.09132494867687183,4.664802121539454,7.244396430357051,7.33545849929626,0.07224152694518586,7.668749687649913,12.249096372479878,4.580346684829965,10000,descriptive over predetermined nested prefixes,30000
GPT-2 Small,2,140000,140000,24576,19519,7.174019813537598,7.265750408172607,0.12641170620918274,0.0011785713722929358,16.617036934287743,15.617065640352328,15.617036934287741,12486.859861131408,0.7942301432291666,0.0184058264829389,0.05971901200535148,0.05971901200535148,0.06457649050092948,3.2985132130339414,7.225102287123809,7.316832881758819,0.05108247358621162,7.5945824553763615,10.833376656404951,3.2387942010285897,10000,descriptive over predetermined nested prefixes,30000
GPT-2 Small,4,10000,10000,24576,23893,7.164825916290283,7.325959205627441,0.18961143493652344,0.0003000000142492354,16.617036934287743,15.617065640352328,15.617036934287741,3116.461898981943,0.9722086588541666,0.004685119914636943,0.22344808240066508,0.22344808240066508,0.24162310269474005,6.168796520038109,7.355959030918816,7.5170923202559745,0.19113311462853344,8.208775027974673,14.154123465612116,5.945348437637444,10000,descriptive over predetermined nested prefixes,10000
GPT-2 Small,4,30000,30000,24576,23893,7.169427394866943,7.330358505249023,0.18884429335594177,0.00039999998989515007,16.617036934287743,15.617065640352328,15.617036934287741,3116.461898981943,0.9722086588541666,0.006246826098332827,0.12900781052392965,0.12900781052392965,0.13950116338324078,3.5615563314200287,7.279778150048779,7.440709260430859,0.11035075518183537,7.922966409134397,11.355514930030497,3.4325485208960993,10000,descriptive over predetermined nested prefixes,10000
GPT-2 Small,4,50000,50000,24576,23893,7.171213150024414,7.332884788513184,0.18971285223960876,0.0003600000054575503,16.617036934287743,15.617065640352328,15.617036934287741,3116.461898981943,0.9722086588541666,0.005622143715757759,0.0999290203379723,0.0999290203379723,0.10805713651197028,2.7587696716338708,7.256690477436546,7.418362115925316,0.08547732741213204,7.836134961656466,10.494975612952365,2.6588406512958986,10000,descriptive over predetermined nested prefixes,10000
GPT-2 Small,4,70000,70000,24576,23893,7.172154903411865,7.333803653717041,0.18984441459178925,0.00039999998989515007,16.617036934287743,15.617065640352328,15.617036934287741,3116.461898981943,0.9722086588541666,0.006246826098332827,0.08445543670948975,0.08445543670948975,0.09132494867687183,2.331585925797359,7.244396430357051,7.406045180662227,0.07224152694518586,7.790130716503015,10.037261205590884,2.247130489087869,10000,descriptive over predetermined nested prefixes,10000
GPT-2 Small,4,140000,140000,24576,23893,7.174019813537598,7.33595085144043,0.19009999930858612,0.0003499999875202775,16.617036934287743,15.617065640352328,15.617036934287741,3116.461898981943,0.9722086588541666,0.00546597277922667,0.05971901200535148,0.05971901200535148,0.06457649050092948,1.6486802190504268,7.225102287123809,7.387033325026641,0.05108247358621162,7.715531338039876,9.304492545084951,1.5889612070450756,10000,descriptive over predetermined nested prefixes,10000
GPT-2 Small,6,10000,10000,24576,24510,7.164825916290283,7.358727931976318,0.21594089269638062,0.0013000000035390258,16.617036934287743,15.617065640352328,15.617036934287741,453.60909256114974,0.997314453125,0.020302185387727226,0.22344808240066508,0.22344808240066508,0.24162310269474005,2.3625256086249435,7.355959030918816,7.5498610466048515,0.19113311462853344,8.283490277556497,10.422567803780776,2.1390775262242787,10000,descriptive over predetermined nested prefixes,10000
GPT-2 Small,6,30000,30000,24576,24510,7.169427394866943,7.361870288848877,0.21505722403526306,0.000699999975040555,16.617036934287743,15.617065640352328,15.617036934287741,453.60909256114974,0.997314453125,0.01093194555845334,0.12900781052392965,0.12900781052392965,0.13950116338324078,1.3640047961069954,7.279778150048779,7.472221044030713,0.11035075518183537,7.985376242873692,9.220373228456758,1.2349969855830656,10000,descriptive over predetermined nested prefixes,10000
GPT-2 Small,6,50000,50000,24576,24510,7.171213150024414,7.365086078643799,0.21621941030025482,0.0006399999838322401,16.617036934287743,15.617065640352328,15.617036934287741,453.60909256114974,0.997314453125,0.009994921757332522,0.0999290203379723,0.0999290203379723,0.10805713651197028,1.0565535718938874,7.256690477436546,7.450563406055931,0.08547732741213204,7.899215587889302,8.855840139445217,0.9566245515559153,10000,descriptive over predetermined nested prefixes,10000
GPT-2 Small,6,70000,70000,24576,24510,7.172154903411865,7.365719795227051,0.21611231565475464,0.0006428571650758386,16.617036934287743,15.617065640352328,15.617036934287741,453.60909256114974,0.997314453125,0.010039542544360182,0.08445543670948975,0.08445543670948975,0.09132494867687183,0.8929507466347306,7.244396430357051,7.437961322172237,0.07224152694518586,7.8521074755220175,8.660602785447258,0.8084953099252408,10000,descriptive over predetermined nested prefixes,10000
GPT-2 Small,6,140000,140000,24576,24510,7.174019813537598,7.36776065826416,0.21603916585445404,0.0005499999970197678,16.617036934287743,15.617065640352328,15.617036934287741,453.60909256114974,0.997314453125,0.008589386055651297,0.05971901200535148,0.05971901200535148,0.06457649050092948,0.6314115282110088,7.225102287123809,7.418843131850371,0.05108247358621162,7.776403724685898,8.348096240891556,0.5716925162056574,10000,descriptive over predetermined nested prefixes,10000
GPT-2 Small,8,10000,10000,24576,24557,7.164825916290283,7.383274078369141,0.23664890229701996,9.999999747378752e-05,16.617036934287743,15.617065640352328,15.617036934287741,152.73414314136608,0.9992268880208334,0.0015617065245832067,0.22344808240066508,0.22344808240066508,0.24162310269474005,1.3829195467015707,7.355959030918816,7.574407192997674,0.19113311462853344,8.310003954686815,9.46947541898772,1.1594714643009052,10000,descriptive over predetermined nested prefixes,10000
GPT-2 Small,8,30000,30000,24576,24557,7.169427394866943,7.383485317230225,0.23257027566432953,6.666666740784422e-05,16.617036934287743,15.617065640352328,15.617036934287741,152.73414314136608,0.9992268880208334,0.0010411377209318402,0.12900781052392965,0.12900781052392965,0.13950116338324078,0.7984289725557471,7.279778150048779,7.49383607241206,0.11035075518183537,8.014613515046586,8.684034677078403,0.6694211620318171,10000,descriptive over predetermined nested prefixes,10000
GPT-2 Small,8,50000,50000,24576,24557,7.171213150024414,7.386317729949951,0.23352068662643433,5.999999848427251e-05,16.617036934287743,15.617065640352328,15.617036934287741,152.73414314136608,0.9992268880208334,0.000937023914749924,0.0999290203379723,0.0999290203379723,0.10805713651197028,0.6184604227675814,7.256690477436546,7.471795057362083,0.08547732741213204,7.928690617679051,8.44722202010866,0.518531402429609,10000,descriptive over predetermined nested prefixes,10000
GPT-2 Small,8,70000,70000,24576,24557,7.172154903411865,7.38712739944458,0.23327043652534485,5.714285725844093e-05,16.617036934287743,15.617065640352328,15.617036934287741,152.73414314136608,0.9992268880208334,0.0008924037526823554,0.08445543670948975,0.08445543670948975,0.09132494867687183,0.5226944576832186,7.244396430357051,7.459368926389766,0.07224152694518586,7.881526061818459,8.319765082792188,0.4382390209737288,10000,descriptive over predetermined nested prefixes,10000
GPT-2 Small,8,140000,140000,24576,24557,7.174019813537598,7.389474868774414,0.23366127908229828,7.857142918510363e-05,16.617036934287743,15.617065640352328,15.617036934287741,152.73414314136608,0.9992268880208334,0.001227055167040058,0.05971901200535148,0.05971901200535148,0.06457649050092948,0.36960079551642877,7.225102287123809,7.440557342360625,0.05108247358621162,7.808377717535385,8.118259501046461,0.3098817835110763,10000,descriptive over predetermined nested prefixes,10000
GPT-2 Small,10,10000,10000,24576,24566,7.164825916290283,7.456296920776367,0.3042335510253906,0.0,16.617036934287743,15.617065640352328,15.617036934287741,85.989012495731,0.9995930989583334,0.0,0.22344808240066508,0.22344808240066508,0.24162310269474005,1.0481096486187331,7.355959030918816,7.6474300354049,0.19113311462853344,8.449049739297829,9.273711305515898,0.8246615662180687,10000,descriptive over predetermined nested prefixes,10000
GPT-2 Small,10,30000,30000,24576,24566,7.169427394866943,7.45806360244751,0.30182161927223206,0.0,16.617036934287743,15.617065640352328,15.617036934287741,85.989012495731,0.9995930989583334,0.0,0.12900781052392965,0.12900781052392965,0.13950116338324078,0.6051263877702697,7.279778150048779,7.5684143576293454,0.11035075518183537,8.157402006150841,8.633520583397182,0.476118577246341,10000,descriptive over predetermined nested prefixes,10000
GPT-2 Small,10,50000,50000,24576,24566,7.171213150024414,7.4597554206848145,0.30187126994132996,0.0,16.617036934287743,15.617065640352328,15.617036934287741,85.989012495731,0.9995930989583334,0.0,0.0999290203379723,0.0999290203379723,0.10805713651197028,0.4687288844369812,7.256690477436546,7.5452327480969466,0.08547732741213204,8.06954186781406,8.438341731913068,0.36879986409900845,10000,descriptive over predetermined nested prefixes,10000
GPT-2 Small,10,70000,70000,24576,24566,7.172154903411865,7.460947513580322,0.3021150529384613,0.0,16.617036934287743,15.617065640352328,15.617036934287741,85.989012495731,0.9995930989583334,0.0,0.08445543670948975,0.08445543670948975,0.09132494867687183,0.3961482109960658,7.244396430357051,7.533189040525508,0.07224152694518586,8.023298388614636,8.334991162901211,0.31169277428657516,10000,descriptive over predetermined nested prefixes,10000
GPT-2 Small,10,140000,140000,24576,24566,7.174019813537598,7.463871955871582,0.30292466282844543,0.0,16.617036934287743,15.617065640352328,15.617036934287741,85.989012495731,0.9995930989583334,0.0,0.05971901200535148,0.05971901200535148,0.06457649050092948,0.28011908635023736,7.225102287123809,7.514954429457793,0.05108247358621162,7.95081113321166,8.171211207556546,0.2204000743448855,10000,descriptive over predetermined nested prefixes,10000
