tau,P,m,P_over_m,exact_log_C_m_P
1,130700,131072,0.997161865234375,2549.2286744932644
2,130443,131072,0.9952011108398438,3981.813839140814
5,129603,131072,0.9887924194335938,8053.6988049861975
10,128019,131072,0.9767074584960938,14490.371689567808
20,124949,131072,0.9532852172851562,24731.44937413279
50,113306,131072,0.8644561767578125,52002.454275283264
100,87212,131072,0.665374755859375,83540.00647098664
200,52576,131072,0.401123046875,88266.22778970294
500,33465,131072,0.25531768798828125,74456.30650750268
1000,22846,131072,0.1743011474609375,60633.453822032316
2000,13157,131072,0.10037994384765625,42712.98386446433
5000,4740,131072,0.036163330078125,20383.531988218427
