Condition,Condition Short,N,Evaluation Tokens,R_hat_M,R_hat_hG,eps_loss_hat,eta_hat,Model,m,P,P_over_m,B,Delta,Uniform_Baseline,exact_log_C_m_P,Pool_Mismatch_Delta_eta,Fixed_Proxy_Concentration,Eta_Concentration,Reconstruction_Concentration,Exact_P_Proxy_Concentration,Direct_U_M,Direct_U_hG,U_SAE,U_SAE_Occam,Occam_Increment,U_SAE_Nonvacuous,U_SAE_Occam_Nonvacuous
English (IID),IID,70000,2240000,7.154356002807617,7.348069667816162,0.21607403457164764,0.0001714285754133016,GPT-2 Small,24576,24517,0.9975992838541666,16.617036934287743,15.617065640352328,15.617036934287741,411.8585075842857,0.00267721131486162,0.08445543670948975,0.08445543670948975,0.09132494867687183,0.8512506785998308,7.226597529752803,7.420311194761348,7.827056735798523,8.593851977688866,0.7667952418903425,True,True
Corrupted English (Slight-OOD),Slight-OOD,70000,2240000,9.795528411865234,9.885188102722168,0.16059918701648712,0.00018571429245639592,GPT-2 Small,24576,24517,0.9975992838541666,16.617036934287743,15.617065640352328,15.617036934287741,411.8585075842857,0.0029003122956431245,0.08445543670948975,0.08445543670948975,0.09132494867687183,0.8512506785998308,9.86776993881042,9.957429629667354,10.308923424130152,11.075718666020492,0.7667952418903408,True,True
Random Noise (Far-OOD),Far-OOD,70000,2240000,16.211885452270508,16.189489364624023,0.05465949699282646,0.0006000000284984708,GPT-2 Small,24576,24517,0.9975992838541666,16.617036934287743,15.617065640352328,15.617036934287741,411.8585075842857,0.009370239829273886,0.08445543670948975,0.08445543670948975,0.09132494867687183,0.8512506785998308,16.284126979215692,16.261730891569208,16.513754923541974,17.280550165432317,0.7667952418903425,False,False
English (IID),IID,70000,2240000,5.911316394805908,6.4015421867370605,0.4980168640613556,0.0003571428533177823,Gemma-2B,16384,16077,0.98126220703125,18.96578428466209,17.965789920178583,17.96578428466209,1521.3367610595596,0.006416353474200431,0.097157088820778,0.097157088820778,0.10505973914589725,1.875333873441321,5.994422666271951,6.484648458203103,7.205349321060069,8.983526105680612,1.778176784620543,True,True
Corrupted English (Slight-OOD),Slight-OOD,70000,2240000,9.394303321838379,9.640045166015625,0.3027697801589966,0.0002714285801630467,Gemma-2B,16384,16077,0.98126220703125,18.96578428466209,17.965789920178583,17.96578428466209,1521.3367610595596,0.004876428849541649,0.097157088820778,0.097157088820778,0.10505973914589725,1.875333873441321,9.477409593304422,9.723151437481668,10.247065291811616,12.025242076432159,1.778176784620543,True,True
Random Noise (Far-OOD),Far-OOD,70000,2240000,18.896989822387695,18.772783279418945,0.14095374941825867,0.38605713844299316,Gemma-2B,16384,16077,0.98126220703125,18.96578428466209,17.965789920178583,17.96578428466209,1521.3367610595596,6.935821446452114,0.097157088820778,0.097157088820778,0.10505973914589725,1.875333873441321,18.98009609385374,18.85588955088499,26.148932392076773,27.927109176697314,1.7781767846205412,False,False
English (IID),IID,70000,2240000,5.257655620574951,6.176827430725098,0.9193683862686157,0.004285714123398066,Llama-3.1-8B,131072,130695,0.9971237182617188,17.968666793195208,16.968678041709246,16.968666793195208,2578.4973029056564,0.07272290313874795,0.09176481340338098,0.09176481340338098,0.09922886200012782,2.3046865260366727,5.336149445228343,6.255321255378489,7.4516772089393495,9.664598921572642,2.2129217126332925,True,True
Corrupted English (Slight-OOD),Slight-OOD,70000,2240000,8.946044921875,9.649738311767578,0.7064075469970703,0.013771428726613522,Llama-3.1-8B,131072,130695,0.9971237182617188,17.968666793195208,16.968678041709246,16.968666793195208,2578.4973029056564,0.2336829402362508,0.09176481340338098,0.09176481340338098,0.09922886200012782,2.3046865260366727,9.02453874652839,9.728232136420969,10.872587287807791,13.085509000441082,2.2129217126332907,True,True
Random Noise (Far-OOD),Far-OOD,70000,2240000,17.62987518310547,17.558826446533203,0.0897190123796463,0.9989857077598572,Llama-3.1-8B,131072,130695,0.9971237182617188,17.968666793195208,16.968678041709246,16.968666793195208,2578.4973029056564,16.95146684324606,0.09176481340338098,0.09176481340338098,0.09922886200012782,2.3046865260366727,17.70836900775886,17.637320271186596,34.88277079096579,37.09569250359909,2.212921712633296,False,False
