R_hat_M,R_hat_hG,eps_loss_hat,eta_hat,B,Delta,delta,m,N,P,Model,P_over_m,exact_log_C_m_P,Direct_U_M,Direct_U_hG,Hoeffding_Margin
7.193516254425049,7.388365745544434,0.21340498328208923,0.0019841270986944437,16.617036934287743,15.617065640352328,0.05,24576,1008.0,24510,GPT-2 Small,0.997314453125,453.60909256114974,7.795528978968265,7.9903784700876495,0.6020127245432155
7.18922758102417,7.38455867767334,0.21535535156726837,0.0024999999441206455,16.617036934287743,15.617065640352328,0.05,24576,2000.0,24510,GPT-2 Small,0.997314453125,453.60909256114974,7.61661421808483,7.811945314734,0.4273866370606602
7.159473896026611,7.355125904083252,0.21469902992248535,0.0016622340772300959,16.617036934287743,15.617065640352328,0.05,24576,3008.0,24510,GPT-2 Small,0.997314453125,453.60909256114974,7.5079692727798255,7.703621280836466,0.3484953767532141
7.167133331298828,7.362215995788574,0.21456210315227509,0.001500000013038516,16.617036934287743,15.617065640352328,0.05,24576,4000.0,24510,GPT-2 Small,0.997314453125,453.60909256114974,7.469341320552934,7.6644239850426805,0.3022079892541067
7.169001579284668,7.363641738891602,0.2145657241344452,0.0011980830458924174,16.617036934287743,15.617065640352328,0.05,24576,5008.0,24510,GPT-2 Small,0.997314453125,453.60909256114974,7.439088638922027,7.633728798528961,0.27008705963735935
7.160974025726318,7.356029987335205,0.21597954630851746,0.0011666666250675917,16.617036934287743,15.617065640352328,0.05,24576,6000.0,24510,GPT-2 Small,0.997314453125,453.60909256114974,7.4077258156813395,7.602781777290226,0.2467517899550211
7.155043601989746,7.349301815032959,0.21552841365337372,0.0012842465657740831,16.617036934287743,15.617065640352328,0.05,24576,7008.0,24510,GPT-2 Small,0.997314453125,453.60909256114974,7.3833609389902595,7.577619152033472,0.22831733700051307
7.155845642089844,7.351269245147705,0.21668094396591187,0.0013749999925494194,16.617036934287743,15.617065640352328,0.05,24576,8000.0,24510,GPT-2 Small,0.997314453125,453.60909256114974,7.369538960620174,7.564962563678035,0.2136933185303301
7.159591197967529,7.354082107543945,0.2161078155040741,0.001443161629140377,16.617036934287743,15.617065640352328,0.05,24576,9008.0,24510,GPT-2 Small,0.997314453125,453.60909256114974,7.360973707346894,7.55546461692331,0.2013825093793648
7.164825916290283,7.358727931976318,0.21594089269638062,0.0013000000035390258,16.617036934287743,15.617065640352328,0.05,24576,10000.0,24510,GPT-2 Small,0.997314453125,453.60909256114974,7.355959030918816,7.5498610466048515,0.19113311462853344
