Model,N,Total Bound,Random Baseline,P,m,Risk,R_hat_M,R_hat_hG,Direct_U_M,Direct_U_hG,Delta,Exact_log_C_m_P,P_over_m,Color,Crossing N,Crossing Type,Hoeffding_Margin
GPT-2 Small,1008.0,22.844647919480167,15.617036934287741,24308,24576,7.597191333770752,7.193516254425049,7.597191333770752,7.795528978968265,8.199204058313967,15.617065640352328,1473.7924952332105,0.9890950520833334,#1f77b4,4000.0,first_observed_checkpoint,
GPT-2 Small,2000.0,18.533978137682123,15.617036934287741,24308,24576,7.590702056884766,7.18922758102417,7.590702056884766,7.61661421808483,8.018088693945426,15.617065640352328,1473.7924952332105,0.9890950520833334,#1f77b4,4000.0,first_observed_checkpoint,
GPT-2 Small,3008.0,16.55817792477719,15.617036934287741,24308,24576,7.557694911956787,7.159473896026611,7.557694911956787,7.5079692727798255,7.906190288710001,15.617065640352328,1473.7924952332105,0.9890950520833334,#1f77b4,4000.0,first_observed_checkpoint,
GPT-2 Small,4000.0,15.433320452882045,15.617036934287741,24308,24576,7.565957069396973,7.167133331298828,7.565957069396973,7.469341320552934,7.868165058651079,15.617065640352328,1473.7924952332105,0.9890950520833334,#1f77b4,4000.0,first_observed_checkpoint,
GPT-2 Small,5008.0,14.643113913733675,15.617036934287741,24308,24576,7.566835403442383,7.169001579284668,7.566835403442383,7.439088638922027,7.836922463079742,15.617065640352328,1473.7924952332105,0.9890950520833334,#1f77b4,4000.0,first_observed_checkpoint,
GPT-2 Small,6000.0,14.057560444817572,15.617036934287741,24308,24576,7.558362007141113,7.160974025726318,7.558362007141113,7.4077258156813395,7.805113797096134,15.617065640352328,1473.7924952332105,0.9890950520833334,#1f77b4,4000.0,first_observed_checkpoint,
GPT-2 Small,7008.0,13.592774793396691,15.617036934287741,24308,24576,7.550986289978027,7.155043601989746,7.550986289978027,7.3833609389902595,7.779303626978541,15.617065640352328,1473.7924952332105,0.9890950520833334,#1f77b4,4000.0,first_observed_checkpoint,
GPT-2 Small,8000.0,13.239636171326305,15.617036934287741,24308,24576,7.552587032318115,7.155845642089844,7.552587032318115,7.369538960620174,7.7662803508484455,15.617065640352328,1473.7924952332105,0.9890950520833334,#1f77b4,4000.0,first_observed_checkpoint,
GPT-2 Small,9008.0,12.938586163313005,15.617036934287741,24308,24576,7.555352687835693,7.159591197967529,7.555352687835693,7.360973707346894,7.756735197215058,15.617065640352328,1473.7924952332105,0.9890950520833334,#1f77b4,4000.0,first_observed_checkpoint,
GPT-2 Small,10000.0,12.690434311377674,15.617036934287741,24308,24576,7.559860706329346,7.164825916290283,7.559860706329346,7.355959030918816,7.750993820957879,15.617065640352328,1473.7924952332105,0.9890950520833334,#1f77b4,4000.0,first_observed_checkpoint,
Gemma-2B,1008.0,28.502730325846226,17.96578428466209,15865,16384,6.808839321136475,6.004101753234863,6.808839321136475,6.6966540154518865,7.501391583353498,17.965789920178583,2298.331897226046,0.96832275390625,#d62728,5008.0,first_observed_checkpoint,
Gemma-2B,2000.0,22.406439544418422,17.96578428466209,15865,16384,6.770182132720947,5.964499473571777,6.770182132720947,6.456162806040822,7.2618454651899915,17.965789920178583,2298.331897226046,0.96832275390625,#d62728,5008.0,first_observed_checkpoint,
Gemma-2B,3008.0,19.623668294732813,17.96578428466209,15865,16384,6.733818054199219,5.9375505447387695,6.733818054199219,6.338457787564476,7.134725297024925,17.965789920178583,2298.331897226046,0.96832275390625,#d62728,5008.0,first_observed_checkpoint,
Gemma-2B,4000.0,18.050496627436782,17.96578428466209,15865,16384,6.7477617263793945,5.932631015777588,6.7477617263793945,6.280289492227225,7.095420202829032,17.965789920178583,2298.331897226046,0.96832275390625,#d62728,5008.0,first_observed_checkpoint,
Gemma-2B,5008.0,16.940883068969118,17.96578428466209,15865,16384,6.753748893737793,5.939859867095947,6.753748893737793,6.250566595578013,7.0644556222198585,17.965789920178583,2298.331897226046,0.96832275390625,#d62728,5008.0,first_observed_checkpoint,
Gemma-2B,6000.0,16.131343974244984,17.96578428466209,15865,16384,6.749581813812256,5.931281089782715,6.749581813812256,6.215143047134386,7.033443771163927,17.965789920178583,2298.331897226046,0.96832275390625,#d62728,5008.0,first_observed_checkpoint,
Gemma-2B,7008.0,15.481104924302885,17.96578428466209,15865,16384,6.736503601074219,5.915614128112793,6.736503601074219,6.178269188042047,6.999158661003473,17.965789920178583,2298.331897226046,0.96832275390625,#d62728,5008.0,first_observed_checkpoint,
Gemma-2B,8000.0,14.986394644607588,17.96578428466209,15865,16384,6.7439284324646,5.917552947998047,6.7439284324646,6.163384614232569,6.989760098699121,17.965789920178583,2298.331897226046,0.96832275390625,#d62728,5008.0,first_observed_checkpoint,
Gemma-2B,9008.0,14.564834567953012,17.96578428466209,15865,16384,6.749361991882324,5.92289400100708,6.749361991882324,6.154563377343673,6.981031368218917,17.965789920178583,2298.331897226046,0.96832275390625,#d62728,5008.0,first_observed_checkpoint,
Gemma-2B,10000.0,14.213790166805927,17.96578428466209,15865,16384,6.7528510093688965,5.9252028465271,6.7528510093688965,6.145081373216072,6.9727295360578685,17.965789920178583,2298.331897226046,0.96832275390625,#d62728,5008.0,first_observed_checkpoint,
Llama-3.1-8B,1008.0,122.54623298062066,16.968666793195208,89913,131072,8.348431587219238,5.328551292419434,8.348431587219238,5.982666497864363,9.002546792664168,16.968678041709246,81557.19068903604,0.6859817504882812,#26ba15,774260.7786140068,terminal_parameter_extrapolation,
Llama-3.1-8B,2000.0,90.73461595971301,16.968666793195208,89913,131072,8.320664405822754,5.3058905601501465,8.320664405822754,5.770266289280243,8.78504013495285,16.968678041709246,81557.19068903604,0.6859817504882812,#26ba15,774260.7786140068,terminal_parameter_extrapolation,
Llama-3.1-8B,3008.0,76.39904301607817,16.968666793195208,89913,131072,8.291223526000977,5.303791522979736,8.291223526000977,5.682448178675015,8.669880181696255,16.968678041709246,81557.19068903604,0.6859817504882812,#26ba15,774260.7786140068,terminal_parameter_extrapolation,
Llama-3.1-8B,4000.0,68.06681631836871,16.968666793195208,89913,131072,8.304245948791504,5.288415908813477,8.304245948791504,5.616779135899815,8.632609175877842,16.968678041709246,81557.19068903604,0.6859817504882812,#26ba15,774260.7786140068,terminal_parameter_extrapolation,
Llama-3.1-8B,5008.0,62.24292959307467,16.968666793195208,89913,131072,8.316253662109375,5.299742221832275,8.316253662109375,5.593204544637424,8.609715984914525,16.968678041709246,81557.19068903604,0.6859817504882812,#26ba15,774260.7786140068,terminal_parameter_extrapolation,
Llama-3.1-8B,6000.0,57.94488324150305,16.968666793195208,89913,131072,8.303807258605957,5.295135498046875,8.303807258605957,5.5632429502652645,8.571914710824347,16.968678041709246,81557.19068903604,0.6859817504882812,#26ba15,774260.7786140068,terminal_parameter_extrapolation,
Llama-3.1-8B,7008.0,54.56254436832375,16.968666793195208,89913,131072,8.294028282165527,5.287112712860107,8.294028282165527,5.535190262902007,8.542105832207428,16.968678041709246,81557.19068903604,0.6859817504882812,#26ba15,774260.7786140068,terminal_parameter_extrapolation,
Llama-3.1-8B,8000.0,51.86527647767635,16.968666793195208,89913,131072,8.295427322387695,5.285483360290527,8.295427322387695,5.517671224855575,8.527615186952744,16.968678041709246,81557.19068903604,0.6859817504882812,#26ba15,774260.7786140068,terminal_parameter_extrapolation,
Llama-3.1-8B,9008.0,49.64578092996835,16.968666793195208,89913,131072,8.305691719055176,5.293773651123047,8.305691719055176,5.512585241186444,8.524503309118572,16.968678041709246,81557.19068903604,0.6859817504882812,#26ba15,774260.7786140068,terminal_parameter_extrapolation,
Llama-3.1-8B,10000.0,47.78916017833823,16.968666793195208,89913,131072,8.307235717773438,5.29153299331665,8.307235717773438,5.499208132803835,8.514910857260622,16.968678041709246,81557.19068903604,0.6859817504882812,#26ba15,774260.7786140068,terminal_parameter_extrapolation,
Llama-3.1-8B,10385.0,47.13852258660419,16.968666793195208,89913,131072,8.307235717773438,5.29153299331665,8.307235717773438,5.495322238346918,8.511024962803704,16.968678041709246,81557.19068903604,0.6859817504882812,#26ba15,774260.7786140068,terminal_parameter_extrapolation,0.20378924503026757
Llama-3.1-8B,10784.0,46.501336202758274,16.968666793195208,89913,131072,8.307235717773438,5.29153299331665,8.307235717773438,5.491516680431934,8.50721940488872,16.968678041709246,81557.19068903604,0.6859817504882812,#26ba15,774260.7786140068,terminal_parameter_extrapolation,0.19998368711528292
Llama-3.1-8B,11199.0,45.875065539009356,16.968666793195208,89913,131072,8.307235717773438,5.29153299331665,8.307235717773438,5.487776316008313,8.5034790404651,16.968678041709246,81557.19068903604,0.6859817504882812,#26ba15,774260.7786140068,terminal_parameter_extrapolation,0.1962433226916628
Llama-3.1-8B,11629.0,45.26185353984004,16.968666793195208,89913,131072,8.307235717773438,5.29153299331665,8.307235717773438,5.48411394368498,8.499816668141767,16.968678041709246,81557.19068903604,0.6859817504882812,#26ba15,774260.7786140068,terminal_parameter_extrapolation,0.19258095036832912
Llama-3.1-8B,12076.0,44.65944409027403,16.968666793195208,89913,131072,8.307235717773438,5.29153299331665,8.307235717773438,5.480516088948944,8.496218813405731,16.968678041709246,81557.19068903604,0.6859817504882812,#26ba15,774260.7786140068,terminal_parameter_extrapolation,0.18898309563229343
Llama-3.1-8B,12541.0,44.06727628707724,16.968666793195208,89913,131072,8.307235717773438,5.29153299331665,8.307235717773438,5.476979401838882,8.49268212629567,16.968678041709246,81557.19068903604,0.6859817504882812,#26ba15,774260.7786140068,terminal_parameter_extrapolation,0.18544640852223182
Llama-3.1-8B,13023.0,43.48724957448254,16.968666793195208,89913,131072,8.307235717773438,5.29153299331665,8.307235717773438,5.473515226672906,8.489217951129692,16.968678041709246,81557.19068903604,0.6859817504882812,#26ba15,774260.7786140068,terminal_parameter_extrapolation,0.18198223335625552
Llama-3.1-8B,13523.0,42.918638464879194,16.968666793195208,89913,131072,8.307235717773438,5.29153299331665,8.307235717773438,5.470119230519256,8.485821954976043,16.968678041709246,81557.19068903604,0.6859817504882812,#26ba15,774260.7786140068,terminal_parameter_extrapolation,0.17858623720260497
Llama-3.1-8B,14043.0,42.35979911333482,16.968666793195208,89913,131072,8.307235717773438,5.29153299331665,8.307235717773438,5.466781595611494,8.48248432006828,16.968678041709246,81557.19068903604,0.6859817504882812,#26ba15,774260.7786140068,terminal_parameter_extrapolation,0.1752486022948433
Llama-3.1-8B,14583.0,41.81139964497077,16.968666793195208,89913,131072,8.307235717773438,5.29153299331665,8.307235717773438,5.463506312287312,8.479209036744098,16.968678041709246,81557.19068903604,0.6859817504882812,#26ba15,774260.7786140068,terminal_parameter_extrapolation,0.1719733189706615
Llama-3.1-8B,15144.0,41.273029979151865,16.968666793195208,89913,131072,8.307235717773438,5.29153299331665,8.307235717773438,5.46029093136442,8.475993655821206,16.968678041709246,81557.19068903604,0.6859817504882812,#26ba15,774260.7786140068,terminal_parameter_extrapolation,0.16875793804776937
Llama-3.1-8B,15726.0,40.74523871650357,16.968666793195208,89913,131072,8.307235717773438,5.29153299331665,8.307235717773438,5.45713872932754,8.472841453784328,16.968678041709246,81557.19068903604,0.6859817504882812,#26ba15,774260.7786140068,terminal_parameter_extrapolation,0.16560573601088993
Llama-3.1-8B,16330.0,40.22761164024739,16.968666793195208,89913,131072,8.307235717773438,5.29153299331665,8.307235717773438,5.454047232291512,8.469749956748299,16.968678041709246,81557.19068903604,0.6859817504882812,#26ba15,774260.7786140068,terminal_parameter_extrapolation,0.1625142389748618
Llama-3.1-8B,16958.0,39.719016305051014,16.968666793195208,89913,131072,8.307235717773438,5.29153299331665,8.307235717773438,5.451009676793702,8.46671240125049,16.968678041709246,81557.19068903604,0.6859817504882812,#26ba15,774260.7786140068,terminal_parameter_extrapolation,0.15947668347705182
Llama-3.1-8B,17610.0,39.220039388575216,16.968666793195208,89913,131072,8.307235717773438,5.29153299331665,8.307235717773438,5.44802956673167,8.463732291188457,16.968678041709246,81557.19068903604,0.6859817504882812,#26ba15,774260.7786140068,terminal_parameter_extrapolation,0.15649657341501966
Llama-3.1-8B,18287.0,38.73043460067151,16.968666793195208,89913,131072,8.307235717773438,5.29153299331665,8.307235717773438,5.4451054311521006,8.460808155608888,16.968678041709246,81557.19068903604,0.6859817504882812,#26ba15,774260.7786140068,terminal_parameter_extrapolation,0.15357243783544972
Llama-3.1-8B,18990.0,38.249995763264344,16.968666793195208,89913,131072,8.307235717773438,5.29153299331665,8.307235717773438,5.442236038668655,8.457938763125442,16.968678041709246,81557.19068903604,0.6859817504882812,#26ba15,774260.7786140068,terminal_parameter_extrapolation,0.15070304535200493
Llama-3.1-8B,19720.0,37.778549378777456,16.968666793195208,89913,131072,8.307235717773438,5.29153299331665,8.307235717773438,5.4394203530773435,8.45512307753413,16.968678041709246,81557.19068903604,0.6859817504882812,#26ba15,774260.7786140068,terminal_parameter_extrapolation,0.14788735976069314
Llama-3.1-8B,20478.0,37.31594820790294,16.968666793195208,89913,131072,8.307235717773438,5.29153299331665,8.307235717773438,5.436657495000125,8.452360219456912,16.968678041709246,81557.19068903604,0.6859817504882812,#26ba15,774260.7786140068,terminal_parameter_extrapolation,0.14512450168347416
Llama-3.1-8B,21265.0,36.86206574416403,16.968666793195208,89913,131072,8.307235717773438,5.29153299331665,8.307235717773438,5.433946708884563,8.44964943334135,16.968678041709246,81557.19068903604,0.6859817504882812,#26ba15,774260.7786140068,terminal_parameter_extrapolation,0.14241371556791257
Llama-3.1-8B,22083.0,36.41626166337509,16.968666793195208,89913,131072,8.307235717773438,5.29153299331665,8.307235717773438,5.431284170432408,8.446986894889196,16.968678041709246,81557.19068903604,0.6859817504882812,#26ba15,774260.7786140068,terminal_parameter_extrapolation,0.13975117711575843
Llama-3.1-8B,22932.0,35.97902553764748,16.968666793195208,89913,131072,8.307235717773438,5.29153299331665,8.307235717773438,5.4286728035840826,8.44437552804087,16.968678041709246,81557.19068903604,0.6859817504882812,#26ba15,774260.7786140068,terminal_parameter_extrapolation,0.13713981026743247
Llama-3.1-8B,23813.0,35.55026258450284,16.968666793195208,89913,131072,8.307235717773438,5.29153299331665,8.307235717773438,5.42611204225685,8.441814766713637,16.968678041709246,81557.19068903604,0.6859817504882812,#26ba15,774260.7786140068,terminal_parameter_extrapolation,0.1345790489401999
Llama-3.1-8B,24729.0,35.12898989545261,16.968666793195208,89913,131072,8.307235717773438,5.29153299331665,8.307235717773438,5.423596016088015,8.439298740544801,16.968678041709246,81557.19068903604,0.6859817504882812,#26ba15,774260.7786140068,terminal_parameter_extrapolation,0.13206302277136445
Llama-3.1-8B,25679.0,34.71611498807678,16.968666793195208,89913,131072,8.307235717773438,5.29153299331665,8.307235717773438,5.4211301451725395,8.436832869629326,16.968678041709246,81557.19068903604,0.6859817504882812,#26ba15,774260.7786140068,terminal_parameter_extrapolation,0.12959715185588894
Llama-3.1-8B,26667.0,34.31034860288323,16.968666793195208,89913,131072,8.307235717773438,5.29153299331665,8.307235717773438,5.418706729484515,8.434409453941301,16.968678041709246,81557.19068903604,0.6859817504882812,#26ba15,774260.7786140068,terminal_parameter_extrapolation,0.12717373616786407
Llama-3.1-8B,27692.0,33.912552189990755,16.968666793195208,89913,131072,8.307235717773438,5.29153299331665,8.307235717773438,5.416330913983721,8.432033638440508,16.968678041709246,81557.19068903604,0.6859817504882812,#26ba15,774260.7786140068,terminal_parameter_extrapolation,0.12479792066707093
Llama-3.1-8B,28756.0,33.522329153707794,16.968666793195208,89913,131072,8.307235717773438,5.29153299331665,8.307235717773438,5.414000330025896,8.429703054482683,16.968678041709246,81557.19068903604,0.6859817504882812,#26ba15,774260.7786140068,terminal_parameter_extrapolation,0.12246733670924567
Llama-3.1-8B,29862.0,33.13901669228729,16.968666793195208,89913,131072,8.307235717773438,5.29153299331665,8.307235717773438,5.411711019066885,8.427413743523672,16.968678041709246,81557.19068903604,0.6859817504882812,#26ba15,774260.7786140068,terminal_parameter_extrapolation,0.12017802575023463
Llama-3.1-8B,31010.0,32.763041016406916,16.968666793195208,89913,131072,8.307235717773438,5.29153299331665,8.307235717773438,5.409465526624701,8.42516825108149,16.968678041709246,81557.19068903604,0.6859817504882812,#26ba15,774260.7786140068,terminal_parameter_extrapolation,0.11793253330805115
Llama-3.1-8B,32202.0,32.39413039916764,16.968666793195208,89913,131072,8.307235717773438,5.29153299331665,8.307235717773438,5.407262229826545,8.422964954283332,16.968678041709246,81557.19068903604,0.6859817504882812,#26ba15,774260.7786140068,terminal_parameter_extrapolation,0.11572923650989433
Llama-3.1-8B,33440.0,32.03206071660687,16.968666793195208,89913,131072,8.307235717773438,5.29153299331665,8.307235717773438,5.40509979010533,8.420802514562117,16.968678041709246,81557.19068903604,0.6859817504882812,#26ba15,774260.7786140068,terminal_parameter_extrapolation,0.11356679678868034
Llama-3.1-8B,34725.0,31.676916206860938,16.968666793195208,89913,131072,8.307235717773438,5.29153299331665,8.307235717773438,5.402978710568337,8.418681435025123,16.968678041709246,81557.19068903604,0.6859817504882812,#26ba15,774260.7786140068,terminal_parameter_extrapolation,0.11144571725168602
Llama-3.1-8B,36060.0,31.328246966634175,16.968666793195208,89913,131072,8.307235717773438,5.29153299331665,8.307235717773438,5.4008963041947915,8.416599028651579,16.968678041709246,81557.19068903604,0.6859817504882812,#26ba15,774260.7786140068,terminal_parameter_extrapolation,0.10936331087814129
Llama-3.1-8B,37447.0,30.985930547831604,16.968666793195208,89913,131072,8.307235717773438,5.29153299331665,8.307235717773438,5.398851839670706,8.414554564127494,16.968678041709246,81557.19068903604,0.6859817504882812,#26ba15,774260.7786140068,terminal_parameter_extrapolation,0.10731884635405575
Llama-3.1-8B,38886.0,30.650319355012833,16.968666793195208,89913,131072,8.307235717773438,5.29153299331665,8.307235717773438,5.396847421711427,8.412550146168215,16.968678041709246,81557.19068903604,0.6859817504882812,#26ba15,774260.7786140068,terminal_parameter_extrapolation,0.10531442839477659
Llama-3.1-8B,40381.0,30.32082590321466,16.968666793195208,89913,131072,8.307235717773438,5.29153299331665,8.307235717773438,5.394879541597828,8.410582266054616,16.968678041709246,81557.19068903604,0.6859817504882812,#26ba15,774260.7786140068,terminal_parameter_extrapolation,0.10334654828117802
Llama-3.1-8B,41934.0,29.99738326252495,16.968666793195208,89913,131072,8.307235717773438,5.29153299331665,8.307235717773438,5.392947799594976,8.408650524051763,16.968678041709246,81557.19068903604,0.6859817504882812,#26ba15,774260.7786140068,terminal_parameter_extrapolation,0.1014148062783264
Llama-3.1-8B,43546.0,29.680125341533213,16.968666793195208,89913,131072,8.307235717773438,5.29153299331665,8.307235717773438,5.391052995463987,8.406755719920774,16.968678041709246,81557.19068903604,0.6859817504882812,#26ba15,774260.7786140068,terminal_parameter_extrapolation,0.09952000214733664
Llama-3.1-8B,45220.0,29.368789092291433,16.968666793195208,89913,131072,8.307235717773438,5.29153299331665,8.307235717773438,5.389193558166579,8.404896282623366,16.968678041709246,81557.19068903604,0.6859817504882812,#26ba15,774260.7786140068,terminal_parameter_extrapolation,0.09766056484992852
Llama-3.1-8B,46958.0,29.063330024007307,16.968666793195208,89913,131072,8.307235717773438,5.29153299331665,8.307235717773438,5.387369221984132,8.40307194644092,16.968678041709246,81557.19068903604,0.6859817504882812,#26ba15,774260.7786140068,terminal_parameter_extrapolation,0.09583622866748182
Llama-3.1-8B,48763.0,28.763544568392195,16.968666793195208,89913,131072,8.307235717773438,5.29153299331665,8.307235717773438,5.385578771117108,8.401281495573894,16.968678041709246,81557.19068903604,0.6859817504882812,#26ba15,774260.7786140068,terminal_parameter_extrapolation,0.09404577780045692
Llama-3.1-8B,50638.0,28.469265483132755,16.968666793195208,89913,131072,8.307235717773438,5.29153299331665,8.307235717773438,5.383821206720699,8.399523931177486,16.968678041709246,81557.19068903604,0.6859817504882812,#26ba15,774260.7786140068,terminal_parameter_extrapolation,0.09228821340404897
Llama-3.1-8B,52585.0,28.18049986522117,16.968666793195208,89913,131072,8.307235717773438,5.29153299331665,8.307235717773438,5.382096571181274,8.39779929563806,16.968678041709246,81557.19068903604,0.6859817504882812,#26ba15,774260.7786140068,terminal_parameter_extrapolation,0.09056357786462317
Llama-3.1-8B,54606.0,27.897247858531472,16.968666793195208,89913,131072,8.307235717773438,5.29153299331665,8.307235717773438,5.380404865358109,8.396107589814896,16.968678041709246,81557.19068903604,0.6859817504882812,#26ba15,774260.7786140068,terminal_parameter_extrapolation,0.08887187204145869
Llama-3.1-8B,56705.0,27.619244842821786,16.968666793195208,89913,131072,8.307235717773438,5.29153299331665,8.307235717773438,5.378744508822494,8.394447233279282,16.968678041709246,81557.19068903604,0.6859817504882812,#26ba15,774260.7786140068,terminal_parameter_extrapolation,0.08721151550584345
Llama-3.1-8B,58885.0,27.34639712811843,16.968666793195208,89913,131072,8.307235717773438,5.29153299331665,8.307235717773438,5.377114942016613,8.3928176664734,16.968678041709246,81557.19068903604,0.6859817504882812,#26ba15,774260.7786140068,terminal_parameter_extrapolation,0.08558194869996216
Llama-3.1-8B,61149.0,27.078625694964707,16.968666793195208,89913,131072,8.307235717773438,5.29153299331665,8.307235717773438,5.375515693001443,8.39121841745823,16.968678041709246,81557.19068903604,0.6859817504882812,#26ba15,774260.7786140068,terminal_parameter_extrapolation,0.08398269968479274
Llama-3.1-8B,63500.0,26.815863025127435,16.968666793195208,89913,131072,8.307235717773438,5.29153299331665,8.307235717773438,5.37394635852834,8.389649082985127,16.968678041709246,81557.19068903604,0.6859817504882812,#26ba15,774260.7786140068,terminal_parameter_extrapolation,0.08241336521168897
Llama-3.1-8B,65941.0,26.55805039173359,16.968666793195208,89913,131072,8.307235717773438,5.29153299331665,8.307235717773438,5.372406587854533,8.38810931231132,16.968678041709246,81557.19068903604,0.6859817504882812,#26ba15,774260.7786140068,terminal_parameter_extrapolation,0.08087359453788213
Llama-3.1-8B,68476.0,26.30503852945527,16.968666793195208,89913,131072,8.307235717773438,5.29153299331665,8.307235717773438,5.370895489501698,8.386598213958486,16.968678041709246,81557.19068903604,0.6859817504882812,#26ba15,774260.7786140068,terminal_parameter_extrapolation,0.07936249618504743
Llama-3.1-8B,71109.0,26.056704069038773,16.968666793195208,89913,131072,8.307235717773438,5.29153299331665,8.307235717773438,5.369412326654279,8.385115051111066,16.968678041709246,81557.19068903604,0.6859817504882812,#26ba15,774260.7786140068,terminal_parameter_extrapolation,0.07787933333762852
Llama-3.1-8B,73842.0,25.81311826290966,16.968666793195208,89913,131072,8.307235717773438,5.29153299331665,8.307235717773438,5.367957524863165,8.383660249319952,16.968678041709246,81557.19068903604,0.6859817504882812,#26ba15,774260.7786140068,terminal_parameter_extrapolation,0.07642453154651443
Llama-3.1-8B,76681.0,25.574004084477714,16.968666793195208,89913,131072,8.307235717773438,5.29153299331665,8.307235717773438,5.366529429603463,8.382232154060251,16.968678041709246,81557.19068903604,0.6859817504882812,#26ba15,774260.7786140068,terminal_parameter_extrapolation,0.07499643628681284
Llama-3.1-8B,79629.0,25.33936975237434,16.968666793195208,89913,131072,8.307235717773438,5.29153299331665,8.307235717773438,5.365128089960463,8.38083081441725,16.968678041709246,81557.19068903604,0.6859817504882812,#26ba15,774260.7786140068,terminal_parameter_extrapolation,0.07359509664381277
Llama-3.1-8B,82690.0,25.109144214811316,16.968666793195208,89913,131072,8.307235717773438,5.29153299331665,8.307235717773438,5.36375308158157,8.379455806038358,16.968678041709246,81557.19068903604,0.6859817504882812,#26ba15,774260.7786140068,terminal_parameter_extrapolation,0.07222008826491993
Llama-3.1-8B,85869.0,24.883197083166365,16.968666793195208,89913,131072,8.307235717773438,5.29153299331665,8.307235717773438,5.362403625728466,8.378106350185252,16.968678041709246,81557.19068903604,0.6859817504882812,#26ba15,774260.7786140068,terminal_parameter_extrapolation,0.07087063241181517
Llama-3.1-8B,89170.0,24.661485950697315,16.968666793195208,89913,131072,8.307235717773438,5.29153299331665,8.307235717773438,5.361079469129394,8.376782193586182,16.968678041709246,81557.19068903604,0.6859817504882812,#26ba15,774260.7786140068,terminal_parameter_extrapolation,0.0695464758127441
Llama-3.1-8B,92598.0,24.443911003342674,16.968666793195208,89913,131072,8.307235717773438,5.29153299331665,8.307235717773438,5.359780015650791,8.375482740107577,16.968678041709246,81557.19068903604,0.6859817504882812,#26ba15,774260.7786140068,terminal_parameter_extrapolation,0.06824702233413986
Llama-3.1-8B,96158.0,24.230388782374543,16.968666793195208,89913,131072,8.307235717773438,5.29153299331665,8.307235717773438,5.358504766840347,8.374207491297133,16.968678041709246,81557.19068903604,0.6859817504882812,#26ba15,774260.7786140068,terminal_parameter_extrapolation,0.06697177352369625
Llama-3.1-8B,99855.0,24.020849056071125,16.968666793195208,89913,131072,8.307235717773438,5.29153299331665,8.307235717773438,5.357253303243268,8.372956027700054,16.968678041709246,81557.19068903604,0.6859817504882812,#26ba15,774260.7786140068,terminal_parameter_extrapolation,0.06572030992661707
Llama-3.1-8B,103694.0,23.815232121221584,16.968666793195208,89913,131072,8.307235717773438,5.29153299331665,8.307235717773438,5.356025268285665,8.371727992742452,16.968678041709246,81557.19068903604,0.6859817504882812,#26ba15,774260.7786140068,terminal_parameter_extrapolation,0.06449227496901384
Llama-3.1-8B,107680.0,23.613486486920777,16.968666793195208,89913,131072,8.307235717773438,5.29153299331665,8.307235717773438,5.3548203544411574,8.370523078897945,16.968678041709246,81557.19068903604,0.6859817504882812,#26ba15,774260.7786140068,terminal_parameter_extrapolation,0.0632873611245073
Llama-3.1-8B,111820.0,23.41547390346744,16.968666793195208,89913,131072,8.307235717773438,5.29153299331665,8.307235717773438,5.3536377360216,8.369340460478387,16.968678041709246,81557.19068903604,0.6859817504882812,#26ba15,774260.7786140068,terminal_parameter_extrapolation,0.062104742704949784
Llama-3.1-8B,116118.0,23.221212959263756,16.968666793195208,89913,131072,8.307235717773438,5.29153299331665,8.307235717773438,5.352477524045122,8.36818024850191,16.968678041709246,81557.19068903604,0.6859817504882812,#26ba15,774260.7786140068,terminal_parameter_extrapolation,0.06094453072847181
Llama-3.1-8B,120583.0,23.030506420213875,16.968666793195208,89913,131072,8.307235717773438,5.29153299331665,8.307235717773438,5.351338540542775,8.367041264999562,16.968678041709246,81557.19068903604,0.6859817504882812,#26ba15,774260.7786140068,terminal_parameter_extrapolation,0.05980554722612488
Llama-3.1-8B,125218.0,22.843430253773096,16.968666793195208,89913,131072,8.307235717773438,5.29153299331665,8.307235717773438,5.350221239225684,8.365923963682471,16.968678041709246,81557.19068903604,0.6859817504882812,#26ba15,774260.7786140068,terminal_parameter_extrapolation,0.05868824590903355
Llama-3.1-8B,130032.0,22.659817990367937,16.968666793195208,89913,131072,8.307235717773438,5.29153299331665,8.307235717773438,5.349124625864186,8.364827350320974,16.968678041709246,81557.19068903604,0.6859817504882812,#26ba15,774260.7786140068,terminal_parameter_extrapolation,0.05759163254753601
Llama-3.1-8B,135031.0,22.47963918843745,16.968666793195208,89913,131072,8.307235717773438,5.29153299331665,8.307235717773438,5.348048518647864,8.363751243104652,16.968678041709246,81557.19068903604,0.6859817504882812,#26ba15,774260.7786140068,terminal_parameter_extrapolation,0.05651552533121349
Llama-3.1-8B,140222.0,22.3028331260421,16.968666793195208,89913,131072,8.307235717773438,5.29153299331665,8.307235717773438,5.346992554918531,8.362695279375318,16.968678041709246,81557.19068903604,0.6859817504882812,#26ba15,774260.7786140068,terminal_parameter_extrapolation,0.055459561601880876
Llama-3.1-8B,145613.0,22.12931675633939,16.968666793195208,89913,131072,8.307235717773438,5.29153299331665,8.307235717773438,5.3459562386838435,8.36165896314063,16.968678041709246,81557.19068903604,0.6859817504882812,#26ba15,774260.7786140068,terminal_parameter_extrapolation,0.05442324536719304
Llama-3.1-8B,151211.0,21.9590504967008,16.968666793195208,89913,131072,8.307235717773438,5.29153299331665,8.307235717773438,5.344939333538897,8.360642057995685,16.968678041709246,81557.19068903604,0.6859817504882812,#26ba15,774260.7786140068,terminal_parameter_extrapolation,0.05340634022224704
Llama-3.1-8B,157024.0,21.791971595362487,16.968666793195208,89913,131072,8.307235717773438,5.29153299331665,8.307235717773438,5.343941464702502,8.35964418915929,16.968678041709246,81557.19068903604,0.6859817504882812,#26ba15,774260.7786140068,terminal_parameter_extrapolation,0.05240847138585218
Llama-3.1-8B,163060.0,21.62802685716943,16.968666793195208,89913,131072,8.307235717773438,5.29153299331665,8.307235717773438,5.342962314469748,8.358665038926535,16.968678041709246,81557.19068903604,0.6859817504882812,#26ba15,774260.7786140068,terminal_parameter_extrapolation,0.05142932115309778
Llama-3.1-8B,169329.0,21.46712074743839,16.968666793195208,89913,131072,8.307235717773438,5.29153299331665,8.307235717773438,5.3420013122654,8.357704036722188,16.968678041709246,81557.19068903604,0.6859817504882812,#26ba15,774260.7786140068,terminal_parameter_extrapolation,0.050468318948749945
Llama-3.1-8B,175839.0,21.30922172971606,16.968666793195208,89913,131072,8.307235717773438,5.29153299331665,8.307235717773438,5.341058269739861,8.356760994196648,16.968678041709246,81557.19068903604,0.6859817504882812,#26ba15,774260.7786140068,terminal_parameter_extrapolation,0.04952527642321032
Llama-3.1-8B,182599.0,21.154279483086828,16.968666793195208,89913,131072,8.307235717773438,5.29153299331665,8.307235717773438,5.340132886354443,8.35583561081123,16.968678041709246,81557.19068903604,0.6859817504882812,#26ba15,774260.7786140068,terminal_parameter_extrapolation,0.04859989303779264
Llama-3.1-8B,189618.0,21.00225094025767,16.968666793195208,89913,131072,8.307235717773438,5.29153299331665,8.307235717773438,5.339224904892292,8.35492762934908,16.968678041709246,81557.19068903604,0.6859817504882812,#26ba15,774260.7786140068,terminal_parameter_extrapolation,0.047691911575641704
Llama-3.1-8B,196908.0,20.853038962145007,16.968666793195208,89913,131072,8.307235717773438,5.29153299331665,8.307235717773438,5.338333745195988,8.354036469652776,16.968678041709246,81557.19068903604,0.6859817504882812,#26ba15,774260.7786140068,terminal_parameter_extrapolation,0.046800751879337694
Llama-3.1-8B,204478.0,20.706620186802436,16.968666793195208,89913,131072,8.307235717773438,5.29153299331665,8.307235717773438,5.337459267737691,8.353161992194478,16.968678041709246,81557.19068903604,0.6859817504882812,#26ba15,774260.7786140068,terminal_parameter_extrapolation,0.045926274421040296
Llama-3.1-8B,212339.0,20.562937684797788,16.968666793195208,89913,131072,8.307235717773438,5.29153299331665,8.307235717773438,5.33660113250974,8.352303856966527,16.968678041709246,81557.19068903604,0.6859817504882812,#26ba15,774260.7786140068,terminal_parameter_extrapolation,0.04506813919308979
Llama-3.1-8B,220502.0,20.42194342726151,16.968666793195208,89913,131072,8.307235717773438,5.29153299331665,8.307235717773438,5.335759052662559,8.351461777119347,16.968678041709246,81557.19068903604,0.6859817504882812,#26ba15,774260.7786140068,terminal_parameter_extrapolation,0.04422605934590911
Llama-3.1-8B,228979.0,20.28358061016783,16.968666793195208,89913,131072,8.307235717773438,5.29153299331665,8.307235717773438,5.334932688937471,8.350635413394258,16.968678041709246,81557.19068903604,0.6859817504882812,#26ba15,774260.7786140068,terminal_parameter_extrapolation,0.043399695620820855
Llama-3.1-8B,237782.0,20.147801461292516,16.968666793195208,89913,131072,8.307235717773438,5.29153299331665,8.307235717773438,5.334121756017697,8.349824480474485,16.968678041709246,81557.19068903604,0.6859817504882812,#26ba15,774260.7786140068,terminal_parameter_extrapolation,0.04258876270104697
Llama-3.1-8B,246923.0,20.014565434548484,16.968666793195208,89913,131072,8.307235717773438,5.29153299331665,8.307235717773438,5.333326011744136,8.349028736200923,16.968678041709246,81557.19068903604,0.6859817504882812,#26ba15,774260.7786140068,terminal_parameter_extrapolation,0.04179301842748531
Llama-3.1-8B,256416.0,19.88381087758909,16.968666793195208,89913,131072,8.307235717773438,5.29153299331665,8.307235717773438,5.3325450879018,8.348247812358586,16.968678041709246,81557.19068903604,0.6859817504882812,#26ba15,774260.7786140068,terminal_parameter_extrapolation,0.04101209458514933
Llama-3.1-8B,266273.0,19.755511685092287,16.968666793195208,89913,131072,8.307235717773438,5.29153299331665,8.307235717773438,5.331778828578201,8.347481553034987,16.968678041709246,81557.19068903604,0.6859817504882812,#26ba15,774260.7786140068,terminal_parameter_extrapolation,0.04024583526155018
Llama-3.1-8B,276510.0,19.629596654643695,16.968666793195208,89913,131072,8.307235717773438,5.29153299331665,8.307235717773438,5.3310268085211385,8.346729532977925,16.968678041709246,81557.19068903604,0.6859817504882812,#26ba15,774260.7786140068,terminal_parameter_extrapolation,0.03949381520448779
Llama-3.1-8B,287140.0,19.50604083258221,16.968666793195208,89913,131072,8.307235717773438,5.29153299331665,8.307235717773438,5.330288878696351,8.345991603153138,16.968678041709246,81557.19068903604,0.6859817504882812,#26ba15,774260.7786140068,terminal_parameter_extrapolation,0.0387558853797001
Llama-3.1-8B,298179.0,19.384789917918297,16.968666793195208,89913,131072,8.307235717773438,5.29153299331665,8.307235717773438,5.329564714794396,8.345267439251183,16.968678041709246,81557.19068903604,0.6859817504882812,#26ba15,774260.7786140068,terminal_parameter_extrapolation,0.03803172147774522
Llama-3.1-8B,309642.0,19.265808549947085,16.968666793195208,89913,131072,8.307235717773438,5.29153299331665,8.307235717773438,5.32885410562556,8.344556830082347,16.968678041709246,81557.19068903604,0.6859817504882812,#26ba15,774260.7786140068,terminal_parameter_extrapolation,0.037321112308908916
Llama-3.1-8B,321546.0,19.14904721826862,16.968666793195208,89913,131072,8.307235717773438,5.29153299331665,8.307235717773438,5.3281567554919125,8.3438594799487,16.968678041709246,81557.19068903604,0.6859817504882812,#26ba15,774260.7786140068,terminal_parameter_extrapolation,0.036623762175261705
Llama-3.1-8B,333907.0,19.034473374050567,16.968666793195208,89913,131072,8.307235717773438,5.29153299331665,8.307235717773438,5.327472469997482,8.343175194454268,16.968678041709246,81557.19068903604,0.6859817504882812,#26ba15,774260.7786140068,terminal_parameter_extrapolation,0.035939476680831466
Llama-3.1-8B,346744.0,18.922033322851167,16.968666793195208,89913,131072,8.307235717773438,5.29153299331665,8.307235717773438,5.326800928455397,8.342503652912184,16.968678041709246,81557.19068903604,0.6859817504882812,#26ba15,774260.7786140068,terminal_parameter_extrapolation,0.03526793513874692
Llama-3.1-8B,360074.0,18.811698407872317,16.968666793195208,89913,131072,8.307235717773438,5.29153299331665,8.307235717773438,5.32614195971463,8.341844684171416,16.968678041709246,81557.19068903604,0.6859817504882812,#26ba15,774260.7786140068,terminal_parameter_extrapolation,0.034608966397979744
Llama-3.1-8B,373917.0,18.703420877715576,16.968666793195208,89913,131072,8.307235717773438,5.29153299331665,8.307235717773438,5.325495278582783,8.34119800303957,16.968678041709246,81557.19068903604,0.6859817504882812,#26ba15,774260.7786140068,terminal_parameter_extrapolation,0.03396228526613274
Llama-3.1-8B,388292.0,18.59716793518387,16.968666793195208,89913,131072,8.307235717773438,5.29153299331665,8.307235717773438,5.32486068918054,8.340563413637328,16.968678041709246,81557.19068903604,0.6859817504882812,#26ba15,774260.7786140068,terminal_parameter_extrapolation,0.033327695863890075
Llama-3.1-8B,403219.0,18.49290467180156,16.968666793195208,89913,131072,8.307235717773438,5.29153299331665,8.307235717773438,5.3242379830191,8.339940707475888,16.968678041709246,81557.19068903604,0.6859817504882812,#26ba15,774260.7786140068,terminal_parameter_extrapolation,0.03270498970244984
Llama-3.1-8B,418721.0,18.39058202016317,16.968666793195208,89913,131072,8.307235717773438,5.29153299331665,8.307235717773438,5.323626867046291,8.339329591503079,16.968678041709246,81557.19068903604,0.6859817504882812,#26ba15,774260.7786140068,terminal_parameter_extrapolation,0.032093873729640766
Llama-3.1-8B,434818.0,18.29017730567257,16.968666793195208,89913,131072,8.307235717773438,5.29153299331665,8.307235717773438,5.3230272058394315,8.33872993029622,16.968678041709246,81557.19068903604,0.6859817504882812,#26ba15,774260.7786140068,terminal_parameter_extrapolation,0.03149421252278128
Llama-3.1-8B,451534.0,18.19164758828952,16.968666793195208,89913,131072,8.307235717773438,5.29153299331665,8.307235717773438,5.322438742941676,8.338141467398463,16.968678041709246,81557.19068903604,0.6859817504882812,#26ba15,774260.7786140068,terminal_parameter_extrapolation,0.030905749625025854
Llama-3.1-8B,468893.0,18.094956844605896,16.968666793195208,89913,131072,8.307235717773438,5.29153299331665,8.307235717773438,5.321861263205355,8.337563987662142,16.968678041709246,81557.19068903604,0.6859817504882812,#26ba15,774260.7786140068,terminal_parameter_extrapolation,0.030328269888704403
Llama-3.1-8B,486919.0,18.00007461813216,16.968666793195208,89913,131072,8.307235717773438,5.29153299331665,8.307235717773438,5.321294584730889,8.336997309187675,16.968678041709246,81557.19068903604,0.6859817504882812,#26ba15,774260.7786140068,terminal_parameter_extrapolation,0.029761591414238106
Llama-3.1-8B,505638.0,17.906965185980557,16.968666793195208,89913,131072,8.307235717773438,5.29153299331665,8.307235717773438,5.320738494165448,8.336441218622234,16.968678041709246,81557.19068903604,0.6859817504882812,#26ba15,774260.7786140068,terminal_parameter_extrapolation,0.029205500848796976
Llama-3.1-8B,525076.0,17.815598362186897,16.968666793195208,89913,131072,8.307235717773438,5.29153299331665,8.307235717773438,5.320192811225149,8.335895535681937,16.968678041709246,81557.19068903604,0.6859817504882812,#26ba15,774260.7786140068,terminal_parameter_extrapolation,0.02865981790849884
Llama-3.1-8B,545262.0,17.725935402193837,16.968666793195208,89913,131072,8.307235717773438,5.29153299331665,8.307235717773438,5.319657304510422,8.335360028967209,16.968678041709246,81557.19068903604,0.6859817504882812,#26ba15,774260.7786140068,terminal_parameter_extrapolation,0.028124311193771154
Llama-3.1-8B,566225.0,17.637943829234473,16.968666793195208,89913,131072,8.307235717773438,5.29153299331665,8.307235717773438,5.319131780055699,8.334834504512486,16.968678041709246,81557.19068903604,0.6859817504882812,#26ba15,774260.7786140068,terminal_parameter_extrapolation,0.027598786739048288
Llama-3.1-8B,587992.0,17.5516039197871,16.968666793195208,89913,131072,8.307235717773438,5.29153299331665,8.307235717773438,5.3186161200634166,8.334318844520203,16.968678041709246,81557.19068903604,0.6859817504882812,#26ba15,774260.7786140068,terminal_parameter_extrapolation,0.027083126746765794
Llama-3.1-8B,610597.0,17.46687273062095,16.968666793195208,89913,131072,8.307235717773438,5.29153299331665,8.307235717773438,5.318110068057673,8.333812792514461,16.968678041709246,81557.19068903604,0.6859817504882812,#26ba15,774260.7786140068,terminal_parameter_extrapolation,0.026577074741022857
Llama-3.1-8B,634071.0,17.383724878405992,16.968666793195208,89913,131072,8.307235717773438,5.29153299331665,8.307235717773438,5.317613472438036,8.333316196894822,16.968678041709246,81557.19068903604,0.6859817504882812,#26ba15,774260.7786140068,terminal_parameter_extrapolation,0.02608047912138525
Llama-3.1-8B,658447.0,17.302132092995752,16.968666793195208,89913,131072,8.307235717773438,5.29153299331665,8.307235717773438,5.317126164362729,8.332828888819517,16.968678041709246,81557.19068903604,0.6859817504882812,#26ba15,774260.7786140068,terminal_parameter_extrapolation,0.025593171046078545
Llama-3.1-8B,683760.0,17.222064165514244,16.968666793195208,89913,131072,8.307235717773438,5.29153299331665,8.307235717773438,5.3166479634110315,8.33235068786782,16.968678041709246,81557.19068903604,0.6859817504882812,#26ba15,774260.7786140068,terminal_parameter_extrapolation,0.02511497009438126
Llama-3.1-8B,710047.0,17.14348972691671,16.968666793195208,89913,131072,8.307235717773438,5.29153299331665,8.307235717773438,5.316178682233183,8.33188140668997,16.968678041709246,81557.19068903604,0.6859817504882812,#26ba15,774260.7786140068,terminal_parameter_extrapolation,0.02464568891653264
Llama-3.1-8B,737344.0,17.06638511822854,16.968666793195208,89913,131072,8.307235717773438,5.29153299331665,8.307235717773438,5.31571817952736,8.331420903984146,16.968678041709246,81557.19068903604,0.6859817504882812,#26ba15,774260.7786140068,terminal_parameter_extrapolation,0.02418518621070894
Llama-3.1-8B,765690.0,16.990722251440214,16.968666793195208,89913,131072,8.307235717773438,5.29153299331665,8.307235717773438,5.315266287539588,8.330969011996375,16.968678041709246,81557.19068903604,0.6859817504882812,#26ba15,774260.7786140068,terminal_parameter_extrapolation,0.023733294222937944
Llama-3.1-8B,795126.0,16.916472423736668,16.968666793195208,89913,131072,8.307235717773438,5.29153299331665,8.307235717773438,5.3148228348440085,8.330525559300796,16.968678041709246,81557.19068903604,0.6859817504882812,#26ba15,774260.7786140068,terminal_parameter_extrapolation,0.023289841527357736
Llama-3.1-8B,825694.0,16.843609085428202,16.968666793195208,89913,131072,8.307235717773438,5.29153299331665,8.307235717773438,5.314387662874171,8.330090387330957,16.968678041709246,81557.19068903604,0.6859817504882812,#26ba15,774260.7786140068,terminal_parameter_extrapolation,0.022854669557520028
Llama-3.1-8B,857437.0,16.77210755944967,16.968666793195208,89913,131072,8.307235717773438,5.29153299331665,8.307235717773438,5.313960624247766,8.329663348704553,16.968678041709246,81557.19068903604,0.6859817504882812,#26ba15,774260.7786140068,terminal_parameter_extrapolation,0.02242763093111572
Llama-3.1-8B,890400.0,16.70194271683811,16.968666793195208,89913,131072,8.307235717773438,5.29153299331665,8.307235717773438,5.3135415688835534,8.32924429334034,16.968678041709246,81557.19068903604,0.6859817504882812,#26ba15,774260.7786140068,terminal_parameter_extrapolation,0.022008575566902805
